{
    "IceBlock": {
        "centerPosition": {
            "x": 0.0,
            "y": 0.0,
            "z": 0.0
        },
        "collisionType": 0,
        "colors": [
            1.0,
            1.0,
            1.0,
            1.0,
            1.0,
            1.0,
            1.0,
            1.0,
            1.0,
            1.0,
            1.0,
            1.0,
            1.0,
            1.0,
            1.0,
            1.0,
            1.0,
            1.0
        ],
        "name": "IceBlock",
        "objectType": 0,
        "position": {
            "x": 0.0,
            "y": 0.0,
            "z": 0.0
        },
        "radius": 1.0,
        "rotation": {
            "x": 1.0,
            "y": 1.0,
            "z": 1.0
        },
        "scale": {
            "x": 0.30000001192092896,
            "y": 0.30000001192092896,
            "z": 1.0
        },
        "size": {
            "x": 0.30000001192092896,
            "y": 0.30000001192092896,
            "z": 1.0
        },
        "texCoords": [
            0.0,
            0.0,
            1.0,
            0.0,
            1.0,
            1.0,
            1.0,
            1.0,
            0.0,
            1.0,
            0.0,
            0.0
        ],
        "textureName": "projectile.png",
        "vertices": [
            -0.5,
            -0.5,
            0.0,
            0.5,
            -0.5,
            0.0,
            0.5,
            0.5,
            0.0,
            0.5,
            0.5,
            0.0,
            -0.5,
            0.5,
            0.0,
            -0.5,
            -0.5,
            0.0
        ]
    }
}
